title,authors,year,description,url,citations
"[BOOK][B] Capital: Critique of Political Economy, Volume 1",K Marx,2024,"Karl Marx (1818–1883) was living in exile in England when he embarked on an ambitious, 
multivolume critique of the capitalist system of production. Though only the first volume saw …",https://www.degruyter.com/document/doi/10.1515/9780691240466/html,24952
Existence of an equilibrium for a competitive economy,"KJ Arrow, G Debreu",2024,"… In this section, a model of a competitive economy will be described, and certain … consumption 
units in the economy. The notion of equilibrium for such an economy will he defined, and a …",https://api.taylorfrancis.com/content/chapters/edit/download?identifierName=doi&identifierValue=10.4324/9781003547990-14&type=chapterpdf,8883
The principles of political economy,JS Mill,2024,"… from The Principles of Political Economy … Economy, with Some of their Application to 
Social Philosophy, fifth edition, 2 … The question is so purely verbal as to be scarcely worth …",https://www.taylorfrancis.com/chapters/edit/10.4324/9781003550396-2/principles-political-economy-john-stuart-mill,7982
[BOOK][B] Global political economy: Evolution and dynamics,"R O'brien, M Williams",2024,"… traditional elements of the global economy (such as trade and … chapter on race in the global 
economy, in dialogue with the … economy, examining the interactions between the economy …",https://books.google.com/books?hl=en&lr=&id=37soEQAAQBAJ&oi=fnd&pg=PP1&dq=economy&ots=mMMXBmSvNv&sig=aVD-KZT_FxT6qVUK84t_UFGjPfA,1025
[BOOK][B] Economy and Interest: A New Presentation of the Fundamental Problems Related to the Economic Role of the Rate of Interest and Their Solutions,M Allais,2024,"… Since Adam Smith developed a verbal theory of how the economy worked, economists have 
… Economy and Interest is the milestone translation of Allais's most influential and acclaimed …",https://books.google.com/books?hl=en&lr=&id=HsEXEQAAQBAJ&oi=fnd&pg=PR7&dq=economy&ots=W6w6VIwcA3&sig=ehH5M0xZQ3olWMPofTGoQK_QD24,974
[BOOK][B] Principles of political economy considered with a view to their practical application,TR Malthus,2024,"It was not, however, till after long meditation, and the most careful consideration of the subject, 
that he finally adopted the measure proposed by the author of the Inquiry into the Wealth …",https://books.google.com/books?hl=en&lr=&id=TSEpEQAAQBAJ&oi=fnd&pg=PA21&dq=economy&ots=XCqFRnqxd3&sig=4odtoeHNzlNZcJlActWmFmX-CVI,485
Statement of some new principles on the subject of political economy,J Rae,2024,"… Nevertheless, he operated in intellectual isolation and as far as political economy was 
concerned, he was largely self-taught. … This decision was also influenced by his view that there …",https://www.taylorfrancis.com/chapters/edit/10.4324/9781003547686-8/statement-new-principles-subject-political-economy-john-rae,434
[BOOK][B] Down and out in the new economy: How people find (or don't find) work today,I Gershon,2024,"What does it mean to market yourself as a business in today's job search world? Finding a 
job used to be simple. Now... well, it’s complicated. In today’s economy, you can’t just be an …",https://books.google.com/books?hl=en&lr=&id=lV8DEQAAQBAJ&oi=fnd&pg=PT7&dq=economy&ots=IZCTwcTr1j&sig=gb6komHNNzpqe9YY7YObWA9jxBE,403
[BOOK][B] Political economy,FA Walker,2024,"The principal objects of this series are to supply the lack-in some subjects very great-of 
authoritative books whose principles are, so far as practicable, illustrated by familiar American …",https://books.google.com/books?hl=en&lr=&id=D8v3EAAAQBAJ&oi=fnd&pg=PA1&dq=economy&ots=8hSMmtAXIP&sig=bLSW9qo7Tw35A7Px02_cigXBP7M,284
[BOOK][B] The Bulgarian Economy: In the Twentieth Century,JR Lampe,2024,"First published in 1986, The Bulgarian Economy (now with a new preface by the author) traces 
the rapid growth of the Bulgarian economy throughout the twentieth century. It also notes …",https://books.google.com/books?hl=en&lr=&id=deoyEQAAQBAJ&oi=fnd&pg=PP12&dq=economy&ots=l4-YQgFo7X&sig=N8knh0eM1B7bZhJ7PH2ZO8-PW5w,238
A is correct of the integral to the economy applications,M Sharipova,2024,"… This , the economy analysis make , income and expenses manage for is used . … This is 
used for the analysis of the economy, management of income and expenses. Enter … Trade …",http://www.econferences.ru/index.php/sspme/article/view/11747,46
[BOOK][B] Principles of Political Economy: Vol. 1,JS Mill,2023,"… nization: and there seems reason that the field of Political Economy should be re-surveyed 
in its whole extent, if only for the purpose of incorporating … perpetually appeals to other …",https://books.google.com/books?hl=en&lr=&id=R7qvEAAAQBAJ&oi=fnd&pg=PA1&dq=economy&ots=RLVBHn11ZS&sig=GpewTcmByn2WfYkswKWL5nU8cA0,750
Engagement Economy Theory,YE Rachmad,2023,"… This theory emerges from the recognition that in the modern economy, particularly within 
digital marketplaces and social platforms, the ability to engage consumers is not merely an …",https://www.academia.edu/download/119445299/THEORY_2023_038_NEW.pdf,650
[BOOK][B] The Articulation of Modes of Production: essays from economy and society,H Wolpe,2023,"First published in 1980, The Articulation of Modes of Production is primarily concerned with 
the concept of articulation of modes of production and with the analysis of a number of …",https://books.google.com/books?hl=en&lr=&id=SzDPEAAAQBAJ&oi=fnd&pg=PP1&dq=economy&ots=_Krg3-NkDa&sig=vQiaYWO86EWluNzJlmQl5S0519s,556
[BOOK][B] The economy and society of Pompeii,W Jongman,2023,"My intellectual and personal debts are many; 1 cannot hope to repay them. Scholarship is a 
social activity rather than the lonely existence of popular imagination. Much of this book was …",https://books.google.com/books?hl=en&lr=&id=Jb-pEAAAQBAJ&oi=fnd&pg=PR1&dq=economy&ots=61hj5-x54v&sig=58Bnjcok3c_YAXMgi9h83rx6NOQ,536
[BOOK][B] The media economy,AB Albarran,2023,"… the media plays in the economy as a whole. This textbook breaks new ground through its 
analysis of the rapidly changing and evolving media economy from two unique perspectives. …",https://www.taylorfrancis.com/books/mono/10.4324/9781003392293/media-economy-alan-albarran,416
"Digital economy, entrepreneurship and energy efficiency","L Wang, J Shao",2023,"… of the American digital economy, summarized the digital economy as an economy that uses 
… concept of digital economy differently. Generally speaking, the digital economy is divided …",https://www.sciencedirect.com/science/article/pii/S0360544223001950,170
The rentierization of the United Kingdom economy,B Christophers,2023,"… economy is indisputable. But this does not necessarily mean that ‘financialization’ is the most 
useful or accurate descriptor of the economy’s … The UK economy, this article suggests, has …",https://journals.sagepub.com/doi/abs/10.1177/0308518X19873007,144
The illusion of the metaverse and meta-economy,D Vidal,2023,"… , with the subsequent benefits [eg decentralisation of the economy or efficient data storage, 
… economy that is built in the metaverses using Web3 infrastructures, ie Web3 meta-economy …",https://www.sciencedirect.com/science/article/pii/S1057521923000765,131
Definitions of the circular economy-circularity matters,"F Figge, A Thorpe, M Gutberlet",2023,"… Further, we can see its popularity in practice where, for example, companies frequently 
discuss the merits of the circular economy in their sustainability reports. In short, the circular …",https://papers.ssrn.com/sol3/papers.cfm?abstract_id=4398717,112
Political economy for beginners,MG Fawcett,2023,"… edition of his Manual of Political Economy, it occurred to us both … Economy into schools. It 
is mainly with the hope that a short and elementary book might help to make Political Economy …",https://www.taylorfrancis.com/chapters/edit/10.4324/9780429321054-7/political-economy-beginners-millicent-garrett-fawcett,78
China's financial system and economy: a review,"Z He, W Wei",2023,"China's financial system has been integral to its spectacular economic growth over the past 
40 years. We review the recent literature on China's financial system and its connections to …",https://www.annualreviews.org/content/journals/10.1146/annurev-economics-072622-095926,60
ChatGPT is about to revolutionize the economy. We need to decide what that looks like,D Rotman,2023,"… making a big difference in the economy. Artificial Intelligence (AI) … it will affect work and the 
economy as a whole. Additionally, … people richer or boosting the economy. The worry is not so …",https://www.researchgate.net/profile/Sheikfiona-Belga/publication/374192926_Analysynthesis_ChatGPT_is_about_to_revolutionize_the_economy_We_need_to_decide_what_that_looks_like/links/6512f9b2f91aee386e6e09cf/Analysynthesis-ChatGPT-is-about-to-revolutionize-the-economy-We-need-to-decide-what-that-looks-like.pdf,37
APPLICATION OF DIGITAL TECHNOLOGIES IN A MARKET ECONOMY,"MD Sultanovich, EM Erdon o'g'li",2023,"Abstract: This article explores the important role of digital technologies in a modern market 
economy. She discusses how digital technologies are changing the way we do business, …",http://web-journal.ru/index.php/journal/article/view/1012,31
The role of consulting in the modern economy,"D Malikova, F Abduganieva",2023,"… of the market economy. The modernization of the market economy requires the constant … 
The reforms carried out in the economy of Uzbekistan require rapid and comprehensive …",http://www.scienticreview.com/index.php/gsr/article/view/148,29
"[BOOK][B] Law, legislation, and liberty: a new statement of the liberal principles of justice and political economy","FA Hayek, J Shearmur",2022,"A new edition of FA Hayek’s three-part opus Law, Legislation, and Liberty, collated in a single 
volume In this critical entry in the Collected Works of FA Hayek series, political philosopher …",https://www.taylorfrancis.com/books/mono/10.4324/9781003320777/law-legislation-liberty-hayek-jeremy-shearmur,1730
"[BOOK][B] Modern South Asia: history, culture, political economy","S Bose, A Jalal",2022,"The fifth edition of Modern South Asia draws on the newest historical research and scholarship 
in the field to interpret and debate key developments in modern South Asian history and …",https://www.taylorfrancis.com/books/mono/10.4324/9781003224488/modern-south-asia-sugata-bose-ayesha-jalal,1369
Critiques of the circular economy,"H Corvellec, AF Stowell",2022,"This paper presents a reasoned account of the critiques addressed to the circular economy 
and circular business models. These critiques claim that the circular economy has diffused …",https://onlinelibrary.wiley.com/doi/abs/10.1111/jiec.13187,944
The political economy of populism,"S Guriev, E Papaioannou",2022,"We synthesize the literature on the recent rise of populism. First, we discuss definitions and 
present descriptive evidence on the recent increase in support for populists. Second, we …",https://www.aeaweb.org/articles?id=10.1257/jel.20201595,679
[BOOK][B] International political economy,T Oatley,2022,"… Students reading this book will be empowered to assess the global economy and its effects 
… Understanding the global economy, therefore, requires a political economy approach: we …",https://www.taylorfrancis.com/books/mono/10.4324/9781003276524/international-political-economy-thomas-oatley,538
[BOOK][B] The Japanese Economy,D Flath,2022,"… economy, beginning with ones that require an economy-… The discussion then moves on to 
sectors of the economy: the … integration with the world economy, government policies and their …",https://books.google.com/books?hl=en&lr=&id=BGxvEAAAQBAJ&oi=fnd&pg=PP1&dq=economy&ots=Fm3Mlcr5W5&sig=yjXBzqlDTXcEdiOqpRDmSOjEW0o,403
How does the digital economy improve high-quality energy development? The case of China,"J Wang, B Wang, K Dong, X Dong",2022,"… to estimate the nexus between the digital economy and HED and further explores their … 
economy positively affects HED in China; in other words, a 1 % increase in the digital economy …",https://www.sciencedirect.com/science/article/pii/S0040162522004814,157
[BOOK][B] Issues in the political economy of health care,JB McKinlay,2022,"Originally published in 1984, this book attempted to fill a gap by providing a broad-ranging 
structural analysis of the health care sector and the political and economic forces which …",https://books.google.com/books?hl=en&lr=&id=gAJlEAAAQBAJ&oi=fnd&pg=PT7&dq=economy&ots=5rhQ8ksxrG&sig=iy2wf4YzCCmjA5uYg7OdflbUjzg,155
Interaction between digital economy and environmental pollution: New evidence from a spatial perspective,"S Xu, C Yang, Z Huang, P Failler",2022,"… The digital economy and the green economy are two major … between the digital economy 
and environmental pollution in … evolution of the digital economy and environmental pollution …",https://www.mdpi.com/1660-4601/19/9/5074,127
[HTML][HTML] The economy of war and postwar economic development: world and Ukrainian realities,"I Irtyshcheva, I Kramarenko, I Sirenko",2022,"… , the analysis of the war economy and the postwar economic … , the analysis of the war 
economy and the postwar economic … to mitigate the shock in the economy led to a significant …",https://cyberleninka.ru/article/n/the-economy-of-war-and-postwar-economic-development-world-and-ukrainian-realities,101
Xi Jinping's New World Order: Can China Remake the International System?,E Economy,2022,"… States by 2030 to make it the largest economy in the world. Moreover, as the evolution … its 
own economy. It would continue to engage with the international economy through exports, its …",https://heinonline.org/hol-cgi-bin/get_pdf.cgi?handle=hein.journals/fora101&section=10,95
[HTML][HTML] Research agenda for the digital economy,K Rong,2022,"… as the digital revolution, shifted our economy from an industrial economy to a digital one. Now 
… to more widespread digitalization in our economy. Digital economy is defined as “a broad …",https://www.sciencedirect.com/science/article/pii/S277306702200005X,81
Metatheoretical issues of the evolution of the international political economy,"A Kwilinski, N Dalevska, VV Dementyev",2022,"… meta-theory elements of the international political economy in the context of their renewal in 
… economy. It is substantiated that the research agenda of the international political economy …",https://www.mdpi.com/1911-8074/15/3/124,77
"Managing the economy, managing the people",J Tomlinson,2022,"… economy from the 1930s to the 2010s. This rise is linked to the parallel attempts by governments 
to shape popular understanding of the economy-to … tion of the economy were shaped by …",https://www.taylorfrancis.com/chapters/edit/10.4324/9781003037118-7/managing-economy-managing-people-jim-tomlinson,70
[PDF][PDF] The role of research and innovations in the modernization of the regional economy,"BF Azimov, DD Rakhimova",2022,"The scientific article discusses the organization of innovation in developed countries, sources of funding, stages of innovation, models of innovation.",https://www.conferencea.org/index.php/conferences/article/download/224/215,67
The growing trend of digital economy: A review article,"P Limna, T Kraiwanit",2022,"… Thus, this article aims to review the growing trend in the digital economy systematically. … on 
the digital economy. Hence, it could be used to guide future research on the digital economy. …",https://papers.ssrn.com/sol3/papers.cfm?abstract_id=4183686,66
The role of village government policies in improving the economy in sumbermulyo village,"F Zuhriyah, S Naim, D Rahmanudin",2022,"Abstract This study aims to analyze the role of the Sumbermulyo Village government in 
improving the economy of the farming community. Qualitative descriptive method with …",http://journal.upy.ac.id/index.php/pkn/article/view/3609,65
Exploring the metaverse in the digital economy: an overview and research framework,"X Cheng, S Zhang, S Fu, W Liu, C Guan",2022,"Purpose Metaverse is a virtual application spawned by digital technology that is becoming 
increasingly relevant to our lives. However, for the opportunities created and challenges …",https://www.emerald.com/insight/content/doi/10.1108/JEBDE-09-2022-0036/full/fushixuan@ustb.edu.cn,64
Democratize work: The case for reorganizing the economy,"I Ferreras, J Battilana, D Méda",2022,"… Building on cross-disciplinary research, Democratize Work is both a rallying cry and an 
architecture for a sustainable economy that fits the democratic project of our societies. …",https://www.degruyter.com/document/doi/10.7208/chicago/9780226819631/html,61
The political economy of COVID‐19,"S Kaplan, J Lefler, D Zilberman",2022,"We assess the economic and health costs of COVID and policy responses to COVID. Based 
on initial estimates of health and economic costs, social distancing policies were justified, …",https://onlinelibrary.wiley.com/doi/abs/10.1002/aepp.13164,59
[PDF][PDF] The importance of the digital economy today,A Nizametdinov,2022,"… digital economy, economy, digital technology, digitization, ICT, technology In this article, 
the digital economy is increasingly developing in all developed countries today and some …",https://www.academia.edu/download/106937446/JARTES2021011127.pdf,57
TRANSITION TO THE MARKET ECONOMY AND ITS CHARACTERISTICS IN UZBEKISTAN,"S Sirojiddin, A Azizbek",2022,"… This article shows that the general content of the transition period to the market economy is 
… economy, and also provides information on the process of transition to a market economy in …",http://www.ijournal.uz/index.php/jartes/article/view/327,52
"Digital economy: essence, features and stages of development","OD Mamatzhonovich, OM Khamidovich",2022,"… and features of the digital economy and digital society. … economy in the Republic of 
Uzbekistan"", our country is taking large-scale measures to develop the digital sector of the economy, …",https://media.neliti.com/media/publications-test/410256-none-df856bbe.pdf,51
"The nature, causes and consequences of the hidden economy and factors affecting it","A Nizametdinov, M Humoyunmirzo",2022,"… and legal problems that create the secret economy and their consequences are … economy 
in all countries and the negative and positive aspects that it can show to the country's economy…",https://sjird.journalspark.org/index.php/sjird/article/view/412,36
[CITATION][C] The socialist system: The political economy of communism,J Kornai,2021,,No URL,5523
[BOOK][B] Teachers and texts: A political economy of class and gender relations in education,MW Apple,2021,"First published in 1987, this research provides insight on the political economy of schooling 
and includes an analysis of power as they operate both within and outside of schools in the …",https://www.taylorfrancis.com/books/mono/10.4324/9781315862774/teachers-texts-michael-apple,3964
[BOOK][B] Mission economy: A moonshot guide to changing capitalism,M Mazzucato,2021,"… , it is that injecting trillions into the economy will have little effect if the … on the organization 
of our economy – more than just the … for the economy. And it is a new direction that is needed. …",https://books.google.com/books?hl=en&lr=&id=xyWyDwAAQBAJ&oi=fnd&pg=PT9&dq=economy&ots=_lA2Py4u9e&sig=Cop9hRQn1mbDAq1q1mxfWXHxovs,1126
[HTML][HTML] Principles for a sustainable circular economy,"APM Velenturf, P Purnell",2021,"… of circular economy practices nor as pervasive in circular economy research as … economy 
and sustainable development. It synthesises a manifesto for a sustainable circular economy by …",https://www.sciencedirect.com/science/article/pii/S2352550921000567,1029
Innovation and the circular economy: A systematic literature review,"N Suchek, CI Fernandes, S Kraus",2021,"… and the circular economy, describing the … economy are provided. This work contributes to 
deepening the literature by identifying the priority areas concerning the circular economy and …",https://onlinelibrary.wiley.com/doi/abs/10.1002/bse.2834,461
Breaking circular economy barriers,"J Grafström, S Aasma",2021,"… economy. Even though a circular economy is different from our traditional “linear” economy, 
the theoretical analysis in this paper gives no reason to believe that a circular economy will …",https://www.sciencedirect.com/science/article/pii/S0959652621002225,433
[BOOK][B] Shutdown: How Covid shook the world's economy,A Tooze,2021,"… history of how Covid-19 ravaged the global economy, and where it leaves us now When the 
… In a matter of weeks, the world's economy was brought to an abrupt halt by governments …",https://books.google.com/books?hl=en&lr=&id=afrmDwAAQBAJ&oi=fnd&pg=PT9&dq=economy&ots=0ueBXzUgD8&sig=AAjcWsKwq8p3lH6lO5QhmNPOyg0,415
To identify industry 4.0 and circular economy adoption barriers in the agriculture supply chain by using ISM-ANP,"S Kumar, RD Raut, K Nayal, S Kraus, VS Yadav",2021,"With increasing globalization and digitalization, agricultural organizations have started 
changing their business processes. Agri-organization has begun to adopt technologies to get a …",https://www.sciencedirect.com/science/article/pii/S0959652621002432,387
[PDF][PDF] A model of the data economy,"M Farboodi, L Veldkamp",2021,"In a data economy, transactions of goods and services generate information, which is stored, 
traded and depreciates. How are the economics of this economy different from traditional …",https://www.aeaweb.org/conference/2023/program/paper/dSffsn5D,206
"Why the world economy needs, but will not get, more globalization in the post-COVID-19 decade","L Ciravegna, S Michailova",2021,"Contractor argues that the coronavirus outbreak only had temporary effects on the global 
economy, and that post COVID-19 globalization will resume. We posit that the pandemic will …",https://pmc.ncbi.nlm.nih.gov/articles/PMC8419373/,197
The Free Economy and the Strong State1,A Gamble,2021,"During the last ten years the long post-war period of expansion and stability has come to an 
end. We are living through a crisis that should never have happened, the crisis that …",https://bristoluniversitypressdigital.com/display/book/9781529217124/ch005.xml,176
"A perspective of COVID 19 impact on global economy, energy and environment","SS Priya, E Cuce, K Sudhakar",2021,"COVID-19 or novel coronavirus is not only an international emergency for public health but 
also has significant consequences on energy, economy, and environment. Although much of …",https://www.tandfonline.com/doi/abs/10.1080/19397038.2021.1964634,155
Operationalizing the net-negative carbon economy,"J Bednar, M Obersteiner, A Baklanov, M Thomson",2021,"The remaining carbon budget for limiting global warming to 1.5 degrees Celsius will probably 
be exhausted within this decade 1 , 2 . Carbon debt 3 generated thereafter will need to be …",https://www.nature.com/articles/s41586-021-03723-9,151
[BOOK][B] The feeling economy,"RT Rust, MH Huang, RT Rust, MH Huang",2021,"As AI assumes an increasing number of thinking tasks, eventually including even intuitive 
thinking tasks, humans will find that their highest and best use involves emotion, empathy, and …",https://link.springer.com/chapter/10.1007/978-3-030-52977-2_4,105
[PDF][PDF] The global economy in technological transformation conditions: A review of modern trends,"V Matyushok, V Vera Krasavina, A Berezin",2021,"… in the world economy and investigates the effect of these key trends for the economy and 
society. … the emergence of new trends in the world economy are presented, and these trendsL …",https://hrcak.srce.hr/file/434637,103
[BOOK][B] The world according to China,EC Economy,2021,"… Economy to be identified as Author of this Work has been asserted in accordance with … 
economy were an historical aberration. The current period, however, in which China’s economy …",https://books.google.com/books?hl=en&lr=&id=fc5KEAAAQBAJ&oi=fnd&pg=PT7&dq=economy&ots=ycmUy3hehz&sig=LR0iIol7wYK9F64X6dYFS0D2N7I,100
A circular economy is about the economy,K Webster,2021,"… A circular economy must be in service to the economy as a whole, a complex task. … economy 
initiatives might increase the extractive tendency evident in the financial/rentier * economy …",https://link.springer.com/article/10.1007/s43615-021-00034-z,84
The political economy of attention,"MA Pedersen, K Albris, N Seaver",2021,"… that the attention economy would eventually overshadow the conventional economy, making 
… A narrow focus on “attention economy” could benefit from being reformulated as a broader …",https://www.annualreviews.org/content/journals/10.1146/annurev-anthro-101819-110356,70
After copyright: Pwning NFTs in a clout economy,BL Frye,2021,"Copyright is a means to an end, not an end in itself. We created copyright because we wanted 
to encourage the creation and distribution of works of authorship, not because we wanted …",https://heinonline.org/hol-cgi-bin/get_pdf.cgi?handle=hein.journals/cjla45&section=19,54
The political economy of deep integration,"G Maggi, R Ossa",2021,"Modern trade agreements no longer emphasize basic trade liberalization but instead focus 
on international policy coordination in a much broader sense. In this review we introduce the …",https://www.annualreviews.org/content/journals/10.1146/annurev-economics-121020-032425,53
The Role Of Women In Improving The Family Economy,"A Zunaidi, FL Maghfiroh",2021,"The purpose of this study was to determine the role of women in improving the family 
economy, especially women who work as shallot retail workers. This study uses a qualitative …",https://journal.trunojoyo.ac.id/dinar/article/view/10581,53
China's blue economy: a state project of modernisation,"M Fabinyi, A Wu, S Lau, T Mallory",2021,"The blue economy is a globally emerging concept for ocean … visions of the blue economy in 
specific regions diverge … article assesses how the blue economy has been conceptualised in …",https://journals.sagepub.com/doi/abs/10.1177/1070496521995872,49
The role of agriculture in the economy of modern Khakassia,NM Chebokchinova,2021,"… complex and differs from other branches of the economy in the seasonal nature of production, 
… economy is developing at a high rate and plays an important role in the life of the region. …",https://iopscience.iop.org/article/10.1088/1755-1315/677/2/022046/meta,46
Digital economy,"GI Abdrakhmanova, KO Vishnevsky, LM Gokhberg",2021,"Digital Economy … DIGITAL ECONOMY … This pocket data book contains the most recent 
statistical data representing the level and dynamics of the digital economy development in …",https://elibrary.ru/item.asp?id=46498727,45
[PDF][PDF] The role of investment and modernization in the development of the uzbek economy,"NI Niyozovna, OO Azimov",2021,"… economy, its importance. The level of development of any country, that is, the development 
and growth of the economy, … of the economy, development of priority sectors of the economy, …",https://www.researchgate.net/profile/Iroda-Niyozova/publication/356618138_THE_ROLE_OF_INVESTMENT_AND_MODERNIZATION_IN_THE_DEVELOPMENT_OF_THE_UZBEK_ECONOMY/links/61a5772071a23a0084c9a20c/THE-ROLE-OF-INVESTMENT-AND-MODERNIZATION-IN-THE-DEVELOPMENT-OF-THE-UZBEK-ECONOMY.pdf,41
Modern content and concept of digital economy,"KA Urinovich, RO Qobiljonovich",2021,"… the digital economy in a large region in a pandemic. The key technologies of the digital 
economy of a … The economic efficiency of using these systems in the region's economy has been …",https://www.indianjournals.com/ijor.aspx?target=ijor:aca&volume=11&issue=11&article=141,39
"[PDF][PDF] Theory, history, and political economy",S Gailmard,2021,"… My primary argument is that historical political economy (HPE) … I conclude that political 
economy can best contribute to … history can contribute to political economy by helping us discover …",https://www.ocf.berkeley.edu/~gailmard/hpe-theory.pdf,33
[HTML][HTML] Targets for a circular economy,P Morseletto,2020,"… economy targets in a systematic way. To bridge this gap, this study examines which targets 
can facilitate the transition towards a circular economy… a more circular economy. A framework …",https://www.sciencedirect.com/science/article/pii/S0921344919304598,1471
What do platforms do? Understanding the gig economy,"S Vallas, JB Schor",2020,"The rapid growth of the platform economy has provoked scholarly discussion of its consequences 
for the nature of work and employment. We identify four major themes in the literature …",https://www.annualreviews.org/content/journals/10.1146/annurev-soc-121919-054857,1356
A roadmap to the ammonia economy,"DR MacFarlane, PV Cherepanov, J Choi",2020,"… This ammonia-based economy will emerge through multiple generations of technology … 
We conclude with perspectives on the broader scale sustainability of an ammonia economy …",https://www.cell.com/joule/fulltext/S2542-4351(20)30173-2,1264
[BOOK][B] Global political economy: Theory and practice,"TH Cohn, A Hira",2020,"Praised for its authoritative coverage, Global Political Economy places the study of IPE in 
broad theoretical context and has been updated to cover the rise of populism, Brexit, the …",https://www.taylorfrancis.com/books/mono/10.4324/9781003056881/global-political-economy-theodore-cohn-anil-hira,1005
[BOOK][B] The gig economy,"J Woodcock, M Graham",2020,"… While ‘gigs’ have always existed across many sectors of the economy, the gig economy 
enabled by digital platforms is growing rapidly, and increasingly replacing nonplatform gig …",http://acdc2007.free.fr/woodcock2020.pdf,925
[BOOK][B] The Japanese Economy,"T Ito, T Hoshi",2020,"The second edition of a comprehensive account of all the major aspects of the Japanese 
economy, substantially updated and expanded. This textbook offers a comprehensive, rigorous …",https://books.google.com/books?hl=en&lr=&id=7OfIDwAAQBAJ&oi=fnd&pg=PR7&dq=economy&ots=HEbNpFnrEQ&sig=VAOHMNre-uUSJkA_3v9rjNs3oyU,880
Political economy of peer production,BJ Birkinbine,2020,"Understanding the political economy of peer production requires consideration of at least 
two interrelated factors: the economic factors that enabled the rise of peer production and the …",https://onlinelibrary.wiley.com/doi/abs/10.1002/9781119537151.ch3,793
Digital economy as a factor in the technological development of the mineral sector,VS Litvinenko,2020,"… global digital economy on the … economy. The underfunding of the information and computing 
infrastructure could be a significant challenge to the digital transformation of the economy. …",https://link.springer.com/article/10.1007/s11053-019-09568-4,687
Impact of COVID-19's Pandemic on the Economy of Indonesia,"S Susilawati, R Falefi, A Purwoko",2020,"COVID-19 is a global health problem including in Indonesia. The increased case of COVID-19 
proved to have quite a significant impact on the economy globally which may have …",https://bircu-journal.com/index.php/birci/article/view/954,659
[HTML][HTML] The political economy of car dependence: A systems of provision approach,"G Mattioli, C Roberts, JK Steinberger",2020,"… ) the political economy of urban sprawl; iv) the provision of public transport; v) cultures of car 
consumption. Using the ‘systems of provision’ approach within political economy, we locate …",https://www.sciencedirect.com/science/article/pii/S2214629620300633,628
[BOOK][B] Marx and Keynes: the limits of the mixed economy,P Mattick,2020,"… He was convinced that the capitalist economy could be regulated so as to function better 
with out losing its capitalist character. And if the national economy could be steered into definite…",https://books.google.com/books?hl=en&lr=&id=c8oyEAAAQBAJ&oi=fnd&pg=PA1&dq=economy&ots=J-bWAaYCQv&sig=mV5Jy0lgoojHyCkRI5d-p82S24s,599
[BOOK][B] China's economy: What everyone needs to know®,AR Kroeber,2020,"… How does China’s size and population affect its economy? 16 How does China’s geography 
affect its economy? 18 How does China’s long historical experience affect its economy? 21 …",https://books.google.com/books?hl=en&lr=&id=LevqDwAAQBAJ&oi=fnd&pg=PP1&dq=economy&ots=Pv8U3HtI0A&sig=mzOJ1CYKkslgDHCT5vtAeS1S2A4,524
[BOOK][B] Political Economy of Socialism,B Horvat,2020,"This book is an exploration into the uncharted territory of social reality. It explores social 
relations and politics, presenting a critique of contemporary socioeconomic systems and …",https://books.google.com/books?hl=en&lr=&id=opgAEAAAQBAJ&oi=fnd&pg=PT8&dq=economy&ots=cDyb3q1tO8&sig=2ceH5aNwgEKRWDCca32Ieebw5Mg,502
[BOOK][B] Virtualism: a new political economy,"JG Carrier, D Miller",2020,"We live in a time of economic virtualism, whereby our lives are made to conform to the virtual 
reality of economic thought. Globalization, transnational capitalism, structural adjustment …",https://books.google.com/books?hl=en&lr=&id=Ayn5DwAAQBAJ&oi=fnd&pg=PP1&dq=economy&ots=RCGzWymYza&sig=Y325qaFDFMnUPzZoScC8_DzFor0,487
[PDF][PDF] What coronavirus could mean for the global economy,P Carlsson,2020,"Having largely ignored Covid-19 as it spread across China, global financial markets reacted 
strongly last week when the virus spread to Europe and the Middle East, stoking fears of a …",https://sea-connect.com/assets/img/uploads/pdf/d64d0f0c50f2154a135870b035c89700.pdf,459
Maddison‐style estimates of the evolution of the world economy: A new 2023 update,"J Bolt, JL Van Zanden",2020,"This paper surveys the literature on historical national accounting, discusses the importance 
of relative income benchmarks for, in particular, historical income estimates, and presents …",https://onlinelibrary.wiley.com/doi/abs/10.1111/joes.12618,455
[BOOK][B] Islam and the Prayer Economy: history and authority in a Malian town,B Soares,2020,"At a time when so-called fundamentalism has become the privileged analytical frame for 
understanding Muslim societies past and present, this study offers an alternative perspective on …",https://books.google.com/books?hl=en&lr=&id=taIxEAAAQBAJ&oi=fnd&pg=PR5&dq=economy&ots=Nl6GPo_1my&sig=4jcdBz7UP91xG8OYccDjTORuu3c,440
Sharing economy: A comprehensive literature review,M Hossain,2020,"… The objective of this study is to review the extant sharing economy (SE) literature. Applying 
… 219 articles on sharing economy. It explores the definitional dilemma, sharing economy as a …",https://www.sciencedirect.com/science/article/pii/S0278431920300220,432
How should we understand the digital economy in Asia? Critical assessment and research agenda,"K Li, DJ Kim, KR Lang, RJ Kauffman, M Naldi",2020,"… commentary regarding Asian digital economy activities, to do this effectively, we also discuss 
developments in the United States and Europe, and the global economy more generally. …",https://www.sciencedirect.com/science/article/pii/S1567422320300818,432
[BOOK][B] Laws of Chaos: A probabilistic approach to political economy,"E Farjoun, M Machover",2020,"… for the fact that the economy of human society produces … theoretical concept in political 
economy. This thesis is diametrically … We are convinced that political economy can advance only if …",https://books.google.com/books?hl=en&lr=&id=LdLMDwAAQBAJ&oi=fnd&pg=PA13&dq=economy&ots=-w_Idz_7QO&sig=VY0jwr2bVdiBwmY76h8h9M6xZ2s,411
[BOOK][B] Toward a political economy of development,RH Bates,2020,"… As South and Southeast Asia were drawn into the world economy in the late nineteenth … 
articles in this volume, the articles in this section illustrate ways of ""doing"" political economy. …",https://www.degruyter.com/document/doi/10.1525/9780520314054-011/pdf?licenseType=restricted,405
[BOOK][B] The asset economy,"L Adkins, M Cooper, M Konings",2020,"Rising inequality is the defining feature of our age. With the lion’s share of wealth growth 
going to the top, for a growing percentage of society a middle-class existence is out of reach. …",https://books.google.com/books?hl=en&lr=&id=otcBEAAAQBAJ&oi=fnd&pg=PP1&dq=economy&ots=Jx_OmXUElp&sig=2OsYrbltj4eRiobeZ95H9Tftrk8,391
The political economy of participatory economics,"M Albert, R Hahnel",2020,"… We seek an economy that distributes the duties and benefits … Traditional efforts to model a 
desirable economy often start … Nonetheless, to sensibly model a desirable economy, we still …",https://www.torrossa.com/gs/resourceProxy?an=5579606&publisher=FZO137,366
Digital economy: Complexity and variety vs. rationality,"EG Popkova, BS Sergi",2020,"Formation of the digital economy is one of the most … Thus, the digital economy challenges the 
idea of humanism … The signs of formation of the digital economy are observed in all modern …",https://link.springer.com/content/pdf/10.1007/978-3-030-29586-8.pdf,293
Banks and the real economy: An assessment of the research,"AN Berger, P Molyneux, JOS Wilson",2020,"We review research on the effects of banks on the real economy, including, but not limited to 
articles in this Special Issue of the Journal of Corporate Finance. We focus primarily on US …",https://www.sciencedirect.com/science/article/pii/S0929119919307813,140
Global trends of the digital economy development,"AV Kolesnikov, LE Zernova",2020,"There is still no single harmonized concept of “Digital economy” in the world, and we are 
talking about digital technologies and their impact on the economies of countries. The aim of …",https://dialnet.unirioja.es/servlet/articulo?codigo=7827040,110
"The information city, the new economy, and the network society",M Castells,2020,"The New Economy is based fundamentally on three … Economy is connected to the fact that 
competitiveness operates in a global environment. Thirdly performance in the New Economy …",https://www.taylorfrancis.com/chapters/edit/10.4324/9780203622278-17/information-city-new-economy-network-society-manuel-castells,108
[BOOK][B] Environment and economy,MS Cato,2020,"Nothing is more important to our world than finding a more comfortable relationship between 
the economy and the environment. While issues such as species loss, nitrate pollution, …",https://www.taylorfrancis.com/books/mono/10.4324/9780429060656/environment-economy-molly-scott-cato,94
The concept of digitalization and its impact on the modern economy,"AU Mentsiev, MV Engel, AM Tsamaev",2020,"… of digital technologies on the economy, it is important to develop an understanding of digital 
economy. Don Tapscott first introduced the concept of ‘Digital Economy’ as creating and …",https://www.atlantis-press.com/proceedings/iscfec-20/125936542,72
"[PDF][PDF] 21 Protecting people now, helping the economy rebound later",J Furman,2020,"The coronavirus is a shock to the economy the likes of which … but likely much else throughout 
the economy given the extreme … costs now and help ensure the economy is in a position to …",https://itsr.ir/Content/upload/O79CB-COVIDEconomicCrisis.pdf#page=198,66
The Concept of Digital Economy in Modern Life and Its Application to Life,"RDJ UGLI, KAM UGLI",2020,"… economy phenomenon in the world today, however, there are many definitions of it. Based on 
the use of the results of the analysis of processes in the digital economy … digital economy is …",https://www.neliti.com/publications/336864/the-concept-of-digital-economy-in-modern-life-and-its-application-to-life,65
The coronavirus pandemic and Europe's undeclared economy: Impacts and a policy proposal,"CC Williams, A Kayaoglu",2020,"… enterprises and workers in the undeclared economy, and a possible government policy … 
undeclared enterprises and workers into the declared economy and onto the radar of state …",https://sciendo.com/article/10.2478/jeb-2020-0007,60
Changes and trends in the development of the world economy,"MC Profiroiu, CV Radulescu, S Burlacu",2020,"Global challenges such as climate change, population growth, the spread of disease, global 
food security, the supply of fossil fuels and raw materials require sustainable solutions, …",https://ibn.idsi.md/vizualizare_articol/115161,49
Structural changes in the rural economy,"L Sitdikova, F Mukhametgalieva",2020,"The relevance of the topic is due to the need to study features of the rural economic 
development in the current social and economic environment. The aim of the article is to develop …",https://www.bio-conferences.org/articles/bioconf/abs/2020/11/bioconf_fies-20_00115/bioconf_fies-20_00115.html,37
[BOOK][B] For a Critique of the Political Economy of the Sign,J Baudrillard,2019,"A material analysis of the sign which deepens Marx's critique of political economy for 
spectacular times. What if the problems of modern society don't come from production, but rather …",https://books.google.com/books?hl=en&lr=&id=_DifDwAAQBAJ&oi=fnd&pg=PR7&dq=economy&ots=nIvuwe4GB5&sig=2RssN5jpeDGlmUkLuSDGKe5fPfk,5243
"[HTML][HTML] Hydrogen energy, economy and storage: Review and recommendation","JO Abe, API Popoola, E Ajenifuja",2019,"… of hydrogen economy means innumerable advantages for the environment, energy security, 
economy, and final users. One major key to wholly develop hydrogen economy is safe, …",https://www.sciencedirect.com/science/article/pii/S036031991931465X,2904
Putting the sharing economy into perspective,"K Frenken, J Schor",2019,"In the spring of 2014, the sharing economy held an unusual gathering in San Francisco, a 
sort of “coming out” party. Entitled “SHARE,” the conference included not only founders, …",https://www.elgaronline.com/edcollchap-oa/book/9781788117814/book-part-9781788117814-17.xml,2050
[BOOK][B] The river runs black: the environmental challenge to China's future,EC Economy,2019,"… Economy traces the economic and political roots of China's environmental challenge and 
the evolution of the leadership's response. She argues that China's current approach to …",https://www.degruyter.com/document/doi/10.7591/9780801459443/html,1743
[HTML][HTML] Circular economy indicators: What do they measure?,"G Moraga, S Huysveld, F Mathieux, GA Blengini",2019,"Circular Economy (CE) is a growing topic, especially in the European Union, that promotes 
the responsible and cyclical use of resources possibly contributing to sustainable …",https://www.sciencedirect.com/science/article/pii/S092134491930151X,1248
A taxonomy of circular economy indicators,"M Saidani, B Yannou, Y Leroy, F Cluzel",2019,"Implementing circular economy (CE) principles is increasingly recommended as a convenient 
solution to meet the goals of sustainable development. New tools are required to support …",https://www.sciencedirect.com/science/article/pii/S0959652618330221,1175
"[BOOK][B] Rich democracies: Political economy, public policy, and performance",HL Wilensky,2019,"In this landmark work, the culmination of 30 years of systematic, comprehensive comparison 
of 19 rich democracies, Wilensky answers two basic questions:(1) What is distinctly modern …",https://www.degruyter.com/document/doi/10.1525/9780520928336/html,1108
The “second economy” of the USSR,G Grossman,2019,"… ""semilegal"" aspects of the second economy, it may be useful … -hours expended in the whole 
economy.3 The land making up … in the housing sector of the Soviet economy also. By law, the …",https://www.taylorfrancis.com/chapters/edit/10.4324/9780429314735-5/second-economy-ussr-gregory-grossman,1026
[BOOK][B] Economy and society: A new translation,M Weber,2019,"… to his publisher that Economy and Society should appear in … know today as Economy and 
Society, that is translated here.1 … to the first four chapters of Economy and Society as WuG I. …",https://books.google.com/books?hl=en&lr=&id=YoyIDwAAQBAJ&oi=fnd&pg=PP1&dq=economy&ots=tvM78iJSRa&sig=YHN8RzoGLqvG3yc_w-nwp_sSxIQ,967
Marketing in the sharing economy,"GM Eckhardt, MB Houston, B Jiang",2019,"… The last decade has seen the emergence of the sharing economy … economy’s implications 
for marketing thought and practice remain unclear. This article defines the sharing economy …",https://journals.sagepub.com/doi/abs/10.1177/0022242919861929,941
AI and the Economy,"J Furman, R Seamans",2019,"We review the evidence that artificial intelligence (AI) is having a large effect on the economy. 
Across a variety of statistics—including robotics shipments, AI start-ups, and patent counts…",https://www.journals.uchicago.edu/doi/abs/10.1086/699936,669
Connecting circular economy and industry 4.0,"S Rajput, SP Singh",2019,"The purpose of this paper is to understand the hidden connection between Circular Economy 
(CE) and Industry 4.0 in the context of supply chain. The factors responsible for linking CE …",https://www.sciencedirect.com/science/article/pii/S0268401218311599,659
The feeling economy: Managing in the next generation of artificial intelligence (AI),"MH Huang, R Rust",2019,"… is deemphasized in the economy, the … Economy has already given way to the Thinking 
Economy, and we posit that the advance of thinking AI is now ushering in the Feeling Economy…",https://journals.sagepub.com/doi/abs/10.1177/0008125619863436,624
Building a law-and-political-economy framework: Beyond the twentieth-century synthesis,J Britton,2019,"… With others, we have thus begun to practice a scholarship of ""law and political economy"" (… 
political economy"" is historically variable and contested. We do not mean the ""political economy…",https://heinonline.org/hol-cgi-bin/get_pdf.cgi?handle=hein.journals/ylr129&section=36,623
[PDF][PDF] Electronic commerce: a study on benefits and challeneges in an emerging economy,MB Kadam,2019,"Data Technology has been assuming an imperative function later on advancement of budgetary 
divisions and the method of working together in a rising economy like India. Expanded …",https://www.viirj.org/vol9issue2/26.pdf,541
[BOOK][B] Riding for Deliveroo: Resistance in the new economy,C Cant,2019,"What is life like for workers in the gig economy? Is it a paradise of flexibility and individual 
freedom? Or is it a world of exploitation and conflict? Callum Cant took a job with one of the …",https://books.google.com/books?hl=en&lr=&id=JOa9DwAAQBAJ&oi=fnd&pg=PT5&dq=economy&ots=ypnN9fDXcX&sig=7NHsuAQrIX7g3YC-pYaFnmMnRbU,540
[BOOK][B] The Taiwan economy in transition,SWY Kuo,2019,"The Taiwan economy has undergone a successful transition in the post-… economy. This book 
explores and illuminates broad dimensions of the transition growth of the Taiwan economy …",https://books.google.com/books?hl=en&lr=&id=EcXADwAAQBAJ&oi=fnd&pg=PP1&dq=economy&ots=anKn5jbWhW&sig=__QvPK1ME0NKIVSEm3gHDVShX-c,492
How to globalize the circular economy,"Y Geng, J Sarkis, R Bleischwitz",2019,"… For the past 20 years, China and South Korea have operated industrial parks that use the 
principles of circular economy to link the supply chains of companies and reuse or recycle …",https://www.nature.com/articles/d41586-019-00017-z,476
[BOOK][B] The circular economy: A user's guide,WR Stahel,2019,"A Circular Economy seeks to rebuild capital, whether this is financial, manufactured, human, 
social or natural, and offers opportunities and solutions for all organisations. This book, …",https://www.taylorfrancis.com/books/mono/10.4324/9780429259203/circular-economy-walter-stahel,474
A spatial knowledge economy,"DR Davis, JI Dingel",2019,"Leading empiricists and theorists of cities have recently argued that the generation and 
exchange of ideas must play a more central role in the analysis of cities. This paper develops the …",https://www.aeaweb.org/articles?id=10.1257/aer.20130249,449
[CITATION][C] The Critique Of The Political Economy,K Marx,2019,,No URL,432
[BOOK][B] Economy and society in prehistoric Europe: changing perspectives,A Sherratt,2019,"This book brings together a classic collection of Andrew Sherratt's work on the economic 
foundations of prehistoric Europe, which have put forward important new ideas about the …",https://books.google.com/books?hl=en&lr=&id=8aYxEAAAQBAJ&oi=fnd&pg=PR5&dq=economy&ots=6bVT7FQ9sH&sig=GwTiXxds7DbhJEH2VGsIioqNXxo,386
[BOOK][B] Services and the Knowledge-based Economy,"M Boden, I Miles",2019,"… economy of advanced industrial societies. Certain business services are regularly cited as 
evidence for the emergence of a"" knowledge economy"". … this emergent knowledge economy. …",https://books.google.com/books?hl=en&lr=&id=HXGlDwAAQBAJ&oi=fnd&pg=PR7&dq=economy&ots=hsEkEWwtai&sig=S9yFhxXwnwHT5BwxakOoFyzsnLk,352
Defining the sharing economy for sustainability,"SK Curtis, M Lehner",2019,"… economy,” … economy from the perspective of sustainability science in order to indicate sharing 
practices that are consistent with the sustainability claims attributed to the sharing economy…",https://www.mdpi.com/2071-1050/11/3/567,341
[BOOK][B] Change everything: Creating an economy for the common good,C Felber,2019,"… Economy for the Common Good movement argues that we need more such values-based 
alternatives. When we started the Economy … concerning what the economy should be about. …",https://books.google.com/books?hl=en&lr=&id=wXC1DwAAQBAJ&oi=fnd&pg=PT10&dq=economy&ots=Epkdkq6fcL&sig=v0HzEp0F1VrFSYlV1HwpQ1Ta2N8,324
The sharing economy,"JB Schor, M Cansoy",2019,"… We have studied eleven sharing economy cases. We began with four non-profits—a timebank, 
… We currently have more than 300 interviews with sharing economy participants, including …",https://books.google.com/books?hl=en&lr=&id=OjGoDwAAQBAJ&oi=fnd&pg=PA51&dq=economy&ots=Nt4diOOxby&sig=XJIhxsQ_ErZKAPBFf4QV-EXDCMc,186
The model of state management of economy on the basis of the internet of things,"EG Popkova, EN Egorova, E Popova",2019,"… Similarly to micro-economy, the authors adopt the working hypothesis … -economy, digital 
modernization should cover the spheres of national economy and state management of economy…",https://link.springer.com/chapter/10.1007/978-3-030-13397-9_116,151
The economy and the construction industry,"L Sui Pheng, L Shing Hou, LS Pheng",2019,"… Since demand for construction is derived demand from other sectors of the economy, 
construction can only contribute to the economy when there is sufficient complement and basic …",https://link.springer.com/chapter/10.1007/978-981-13-5847-0_2,147
The open-system character of the economy and its implications,KW Kapp,2019,"The Physiocrats were the first to perceive the economy as a closed system of interdependent 
variables. The perception of production and reproduction as processes occurring in …",https://www.taylorfrancis.com/chapters/edit/10.4324/9780429051319-6/open-system-character-economy-implications-william-kapp,134
[CITATION][C] Digital economy and a new paradigm of the labor market,E Sadovaya,2019,,No URL,95
The role of the food industry in the national economy,SH Nusratovich,2019,"… diversified sector of the national economy that produces food, … complexes of the national 
economy. Development of long-… important sectors within the national economy. One of the most …",https://www.indianjournals.com/ijor.aspx?target=ijor:aca&volume=9&issue=10&article=004,72
[BOOK][B] Changemakers: The industrious future of the digital economy,A Arvidsson,2019,"This book argues that, as industrial capitalism enters a period of prolonged crisis, a new 
paradigm of ‘industrious modernity’is emerging. Based on small-scale, commons-based and …",https://books.google.com/books?hl=en&lr=&id=Lhy3DwAAQBAJ&oi=fnd&pg=PT4&dq=economy&ots=Zn_aUdd8NT&sig=aogwJyn2XnRkP1ND-7q5EqSkyAA,71
[BOOK][B] Construction quality and the economy,"S Pheng, R Premnath",2019,"… When Singapore first gained independence in 1965, her economy was relatively weak and 
… How does the performance of the national economy influence construction quality? These …",https://link.springer.com/content/pdf/10.1007/978-981-13-5847-0.pdf,42
Class conflict in the capitalist world economy,I Wallerstein,2018,"… in a capitalist world-economy, and since the functioning of the world-economy is such that 
… differentially located in relation to the world-economy should be so dissimilar. It is also then …",https://www.taylorfrancis.com/chapters/edit/10.4324/9780429494642-20/class-conflict-capitalist-world-economy-immanuel-wallerstein,8401
[BOOK][B] Cities in a world economy,S Sassen,2018,"… Cities have continued to be increasingly major actors in the global economy, in global 
culture, and in the novel kinds of global wars. The fourth edition introduced a large range of new …",https://books.google.com/books?hl=en&lr=&id=dhlcDwAAQBAJ&oi=fnd&pg=PP1&dq=economy&ots=NnOXE60rGx&sig=-io2IsBovYYEl8vyqk0r9JE7avo,7958
The economy as instituted process,K Polanyi,2018,"The Sociology of Economic Life Page 1 Our main purpose in this chapter is to de- termine 
the meaning that can be attached with consistency to the term “economic” in all the social …",https://www.taylorfrancis.com/chapters/edit/10.4324/9780429494338-2/economy-instituted-process-karl-polanyi,4828
[HTML][HTML] Circular economy: the concept and its limitations,"J Korhonen, A Honkasalo, J Seppälä",2018,"Circular economy (CE) is currently a popular concept promoted by the EU, by several 
national governments and by many businesses around the world. However, the scientific and …",https://www.sciencedirect.com/science/article/pii/S0921800916300325,4657
"[BOOK][B] Political geography: World-economy, nation-state and locality","C Flint, PJ Taylor",2018,"… of individuals with the complexity of the world-economy by merging the compatible, but different, 
… It also discusses the dynamics of the capitalist world-economy and the constant tension …",https://www.taylorfrancis.com/books/mono/10.4324/9781315164380/political-geography-colin-flint-peter-taylor,2571
[BOOK][B] The value of everything: Making and taking in the global economy,M Mazzucato,2018,"… categories has allowed certain actors in the economy to portray themselves as value creators, 
… The lesson here is urgent and sobering: to rescue our economy from the next inevitable …",https://books.google.com/books?hl=en&lr=&id=H50RDgAAQBAJ&oi=fnd&pg=PT8&dq=economy&ots=lkQ9IJL5Oa&sig=F5kYaiQ0pHhffO_MTajlhRG_R3U,2099
[HTML][HTML] Barriers to the circular economy: Evidence from the European Union (EU),"J Kirchherr, L Piscicelli, R Bour, E Kostense",2018,"… We present the first large-N-study on circular economy … considered the main circular economy 
barriers by businesses and … the transition towards a circular economy. Meanwhile, not a …",https://www.sciencedirect.com/science/article/pii/S0921800917317573,2077
[HTML][HTML] Circular economy–From review of theories and practices to development of implementation tools,"Y Kalmykova, M Sadagopan, L Rosado",2018,"The paper provides an overview of the literature on Circular Economy (CE) theoretical 
approaches, strategies and implementation cases. After analyzing different CE approaches and …",https://www.sciencedirect.com/science/article/pii/S0921344917303701,1695
[BOOK][B] The economy as an evolving complex system II,WB Arthur,2018,"A new view of the economy as an evolving, complex system has been pioneered at the Santa 
Fe Institute over the last ten years, This volume is a collection of articles that shape and …",https://books.google.com/books?hl=en&lr=&id=5EpnDwAAQBAJ&oi=fnd&pg=PT15&dq=economy&ots=cXUJ-UWX8d&sig=K39fpnDzuJ5xn9Va6S2JTi4EWpg,1641
How do scholars approach the circular economy? A systematic literature review,"R Merli, M Preziosi, A Acampora",2018,"Circular Economy (CE) aims to overcome the take-make-dispose linear pattern of production 
and consumption, proposing a circular system in which the value of products, materials and …",https://www.sciencedirect.com/science/article/pii/S0959652617330718,1581
[BOOK][B] The economy as an evolving complex system,PW Anderson,2018,"This book proceeds from a meeting at the Santa Fe Institute where economists and physical 
and biological scientists came together to discuss a conceptual framework incorporating a …",https://books.google.com/books?hl=en&lr=&id=ioNSDwAAQBAJ&oi=fnd&pg=PP1&dq=economy&ots=wUjwRBOfHX&sig=cPSBfY0bRPwS5-Jur8r7zkjsn7s,1525
[HTML][HTML] Towards a consensus on the circular economy,V Prieto,2018,"… economy, their differing approaches and their multiple applications, this paper attempts to 
propose a consensus view of the basic notions of the circular economy … the circular economy, …",https://www.sciencedirect.com/science/article/pii/S0959652617332146,1525
The bazaar economy: Information and search in peasant marketing,C Geertz,2018,"… particular kind of economy, and it deserves analysis as such. Like an “industrial economy” 
or a “primitive economy,” from both of which it markedly differs, a “bazaar economy” manifests …",https://www.taylorfrancis.com/chapters/edit/10.4324/9780429494338-8/bazaar-economy-information-search-peasant-marketing-clifford-geertz,1514
[BOOK][B] Tango and the political economy of passion,M Savigliano,2018,"What is tango? Dance, music, and lyrics of course, but also a philosophy, a strategy, a 
commodity, even a disease. This book explores the politics of tango, tracing tango's travels from …",https://www.taylorfrancis.com/books/mono/10.4324/9780429497001/tango-political-economy-passion-marta-savigliano,1326
Spontaneous coronary artery dissection: current state of the science: a scientific statement from the American Heart Association,", J Saw, D Adlam, C Arslanian",2018,"Spontaneous coronary artery dissection (SCAD) has emerged as an important cause of acute 
coronary syndrome, myocardial infarction, and sudden death, particularly among young …",https://www.ahajournals.org/doi/abs/10.1161/cir.0000000000000564,1111
Governance in the blockchain economy: A framework and research agenda,"R Beck, C Müller",2018,"… The blockchain economy would manifest itself in a new form of … We discuss the blockchain 
economy along dimensions … governance in the blockchain economy may depart radically from …",https://aisel.aisnet.org/jais/vol19/iss10/1/,1017
[BOOK][B] Introduction to international political economy,"DN Balaam, B Dillman",2018,"… in the global economy; and it is the only textbook to examine the illicit economy, the 
political economy of the Middle East, and global health. In short, this is an absolute mustread. …",https://www.taylorfrancis.com/books/mono/10.4324/9781315463452/introduction-international-political-economy-david-balaam-bradford-dillman,826
[PDF][PDF] The Third Revolution: Xi Jinping and the New Chinese State,E Economy,2018,… Elizabeth Economy …,https://works.hcommons.org/records/fqmv3-0n461/files/book-review-the-third-revolution-xi-jinping-and-the-new-chinese-state.pdf,797
What can machines learn and what does it mean for occupations and the economy?,"E Brynjolfsson, T Mitchell, D Rock",2018,"Advances in machine learning (ML) are poised to transform numerous occupations and 
industries. This raises the question of which tasks will be most affected by ML. We apply the …",https://www.aeaweb.org/articles?id=10.1257%2Fpandp.20181019&utm_campaign=The%20Batch&utm_source=hs_email&utm_medium=email&utm_content=275114737&_hsenc=p2ANqtz--8qpeB2Emnw2azdA7MUwcyW6ldvi6BGFbh6V8P4cOaIpmsuFpP6GzvLG1zZEytqv7y1anY_NZhryjzrOwYqla7Q1zmQkP_P92A14SvAHfJX3f4aLU,769
"[BOOK][B] Sex, economy, freedom, & community: Eight essays",W Berry,2018,""""" Read [him] with pencil in hand, make notes, and hope that somehow our country and the 
world will soon come to see the truth that is told here.""""—The New York Times Book Review …",https://books.google.com/books?hl=en&lr=&id=6-AREAAAQBAJ&oi=fnd&pg=PT7&dq=economy&ots=toNxLyQBNE&sig=0HpyHRTn_cCdtBlxDQEP5e2tj2w,725
[BOOK][B] Remaking the Italian economy,RM Locke,2018,"… This book analyzes recent efforts to remake the Italian economy. I became fascinated with Italy 
because of its many contradictions and anomalies. On the one hand, Italy is seen as the “sick …",https://books.google.com/books?hl=en&lr=&id=YlpuDwAAQBAJ&oi=fnd&pg=PP1&dq=economy&ots=w7K9-yfEER&sig=ZNQrQ3bNORrXm0h_jV2tMZjVL3Q,715
[BOOK][B] Copyrighting culture: The political economy of intellectual property,RV Bettig,2018,"Launching into a complete analysis of copyright law in our capitalistic and hegemonistic 
political system, Ronald Bettig uncovers the power of the wealthy few to expand their fortunes …",https://www.taylorfrancis.com/books/mono/10.4324/9780429501302/copyrighting-culture-ronald-bettig,683
[PDF][PDF] Notes from the AI frontier: Modeling the impact of AI on the world economy,"J Bughin, J Seong, J Manyika, M Chui",2018,"… Since its founding in 1990, the McKinsey Global Institute (MGI) has sought to develop a 
deeper understanding of the evolving global economy. As the business and economics research …",https://www.mckinsey.com/~/media/McKinsey/Featured%20Insights/Artificial%20Intelligence/Notes%20from%20the%20frontier%20Modeling%20the%20impact%20of%20AI%20on%20the%20world%20economy/MGI-Notes-from-the-AI-frontier-Modeling-the-impact-of-AI-on-the-world-economy-September-2018.pdf,649
Consumption in the circular economy: A literature review,J Camacho,2018,"… economy translates into significant changes in consumption, recent reviews on the circular 
economy do … [2] found that only 19% of the papers defining the circular economy considered …",https://www.mdpi.com/2071-1050/10/8/2758,568
[PDF][PDF] Defining and measuring the digital economy,"K Barefoot, D Curtis, W Jolliff, JR Nicholson",2018,"… economy satellite account. These estimates are the first step to a comprehensive measure of 
the contribution of the digital economy to … of the digital economy in the overall US economy. …",https://www.bea.gov/sites/default/files/papers/defining-and-measuring-the-digital-economy.pdf,498
What do we know about the political economy of economic policy reform?,"S Haggard, SB Webb",2018,"This chapter explores the politics of economic reform. It examines the influence of political 
institutions on the adjustment process, the links between economic conditions and the politics …",https://www.taylorfrancis.com/chapters/edit/10.4324/9780429498893-11/know-political-economy-economic-policy-reform-stephan-haggard-steven-webb,496
[BOOK][B] National purpose in the world economy: Post-Soviet states in comparative perspective,R Abdelal,2018,"How do national identities affect the world economy? Building on the insight that nationalisms 
and national identities endow economic policy with social purpose, Rawi Abdelal …",https://muse.jhu.edu/pub/255/monograph/book/59715,485
[BOOK][B] The discretionary economy: A normative theory of political economy,M Tool,2018,"The Discretionary Economy argues that we do in fact control our own political and economic 
destinies. As a community, we have discretion over policies that determine whether an …",https://www.taylorfrancis.com/books/mono/10.4324/9781351304887/discretionary-economy-marc-tool,477
The impact of regional and sectoral productivity changes on the US economy,"L Caliendo, F Parro, E Rossi",2018,"We study the impact of intersectoral and interregional trade linkages in propagating disaggregated 
productivity changes to the rest of the economy. Using US regional and industry data, …",https://academic.oup.com/restud/article-abstract/85/4/2042/4774710,472
Innovation and production in the global economy,"C Arkolakis, N Ramondo, A Rodríguez",2018,"We develop a quantifiable general equilibrium model of trade and multinational production (MP) 
in which countries can specialize in innovation or production. Home market effects or …",https://www.aeaweb.org/articles?id=10.1257/aer.20141743,453
"[BOOK][B] Southeast Asia, student economy edition: Past and present",DR SarDesai,2018,"This book is concerned with Western activity in the southeast Asia and the indigenous 
reaction to it. It deals with the traditions of the people of Southeast Asia, traditions that, apply to …",https://www.taylorfrancis.com/books/mono/10.4324/9780429493058/southeast-asia-student-economy-edition-sardesai,410
"[BOOK][B] Computer, Student Economy Edition: A History of the Information Machine",M Campbell,2018,"This book covers the way computing was handled before the arrival of electronic computers. 
It discusses manual information processing and early technologies. The book describes the …",https://www.taylorfrancis.com/books/mono/10.4324/9780429494017/computer-student-economy-edition-martin-campbell-kelly,382
The political economy of tourism development: A critical review,R Bianchi,2018,"… economy and their application to the analysis of tourism development. It examines the shifting 
focus of enquiry and traces the evolution of the political economy … the political economy of …",https://www.sciencedirect.com/science/article/pii/S0160738317301287,378
[BOOK][B] A political economy of the Middle East,M Cammett,2018,"… We believe that a political economy approach has much to offer in addressing this question. 
Neither purely political concerns, such as the desire for democracy, nor simple economic …",https://www.taylorfrancis.com/books/mono/10.4324/9780429492600/political-economy-middle-east-melani-cammett,374
"Digitalization and its impact on the Russian economy and society: advantages, challenges, threats and risks","VG Khalin, GV Chernova",2018,"… , the relationship between digitalization and digital economy, challenges, threats, possible 
negative … a description of the current state and tasks of digitalization for the Russian economy. …",https://ideas.repec.org/a/acf/journl/y2018id943.html,373
Measuring uncertainty and its impact on the economy,"A Carriero, TE Clark, M Marcellino",2018,"We propose a new model for measuring uncertainty and its effects on the economy, based 
on a large vector autoregression with stochastic volatility driven by common factors …",https://direct.mit.edu/rest/article-abstract/100/5/799/58480,344
The global economy as an adaptive process,JH Holland,2018,"… In the global economy, the anticipation of an oil … the economy, whether or not the anticipated 
events come to pass. Participants in the economy build up models of the rest of the economy …",https://www.taylorfrancis.com/chapters/edit/10.1201/9780429492846-7/global-economy-adaptive-process-john-holland,302
[BOOK][B] Comparative economics in a transforming world economy,"JB Rosser Jr, MV Rosser",2018,"… as the new traditional economy that we introduced in our first edition with the example of 
Islamic economics in the case of Iran would become more important in the world economy. As it …",https://books.google.com/books?hl=en&lr=&id=VptIDwAAQBAJ&oi=fnd&pg=PR5&dq=economy&ots=BSKXWUexVi&sig=kLIUtM3dDl6m02LoHEn2etQ_mRo,286
[PDF][PDF] Geoinformation services in a spatial economy,"SV Shaitura, YP Kozhaev, KV Ordov",2018,"The paper reviews the use of geoinformation services in a spatial economy. The main definitions 
of a geoinformation service based on service, geoinformatics, spatial positioning, space …",https://www.researchgate.net/profile/Alina-Minitaeva-2/publication/323932264_Geoinformation_services_in_a_spatial_economy/links/6630ae747091b94e93e7341f/Geoinformation-services-in-a-spatial-economy.pdf,175
[BOOK][B] The political economy of AIDS,M Singer,2018,"Features a collection of seven research-based articles on AIDS. This work seeks to cut through 
popular misunderstanding and conventional ideas about the spread and impact of AIDS …",https://books.google.com/books?hl=en&lr=&id=H3yCDwAAQBAJ&oi=fnd&pg=PT6&dq=economy&ots=7FB73RAdN6&sig=FTZUFUE7vvBnQmoARrgE3MZu4MY,157
[BOOK][B] Political economy in the modern state,HA Innis,2018,"… tise that would investigate what political economy had become in the … economy as previously 
understood could proceed (126).This resulted, sadly, in a weakening of political economy …",https://books.google.com/books?hl=en&lr=&id=_617DwAAQBAJ&oi=fnd&pg=PP1&dq=economy&ots=CONS6r476J&sig=gbfDSYis4jYtYa3HrfUdvKs63y4,152
Digital economy. IT strategy of the company development,"AD Borremans, IM Zaychenko",2018,"… to the new trend of economy development – digital economy. The digital economy is an 
activity … Typically, the main elements of the digital economy are e-commerce, Internet banking, …",https://www.matec-conferences.org/articles/matecconf/abs/2018/29/matecconf_spbwosce2018_01034/matecconf_spbwosce2018_01034.html,140
[BOOK][B] A finer future: Creating an economy in service to life,"LH Lovins, S Wallis, A Wijkman, J Fullerton",2018,"The blueprint for an inspiring regenerative economy that avoids collapse and works … economy 
through a powerful combination of enlightened entrepreneurialism, regenerative economy, …",https://books.google.com/books?hl=en&lr=&id=daVjDwAAQBAJ&oi=fnd&pg=PP1&dq=economy&ots=aswYB0XmLL&sig=EkirKb88hWe-BuAsb0Eyu_RRh24,140
"Principles of Political Economy, Vol. 1",HC Carey,2018,"In the early stages of society, men are widely scattered over the land, and with difficulty they 
obtain, by the cultivation of the superior soils, scanty supplies of indifferent food. Laws are …",https://www.taylorfrancis.com/chapters/edit/10.4324/9781351291521-14/principles-political-economy-vol-1-henry-carey,127
The long view: Scenarios for the world economy to 2060,"Y Guillemette, D Turner",2018,"This paper presents long-run economic projections for 46 countries, extending the short-run 
projections of the Spring 2018 OECD Economic Outlook. It first sets out a baseline scenario …",https://www.oecd-ilibrary.org/economics/the-long-view_b4f4e03e-en,127
[BOOK][B] Understanding your economy: Using analysis to guide local strategic planning,M McLean,2018,"… economy … economy; evaluate local growth prospects; assess local human resources; evaluate 
nonlabor resources; and link analysis to strategic planning. Understanding Your Economy …",https://www.taylorfrancis.com/books/mono/10.4324/9781351179065/understanding-economy-mary-mclean,115
[BOOK][B] The Political Economy of Natural Resources and Development,"PA Haslam, P Heidrich",2018,"… regional initiatives and the new geography of the global economy. This volume is essential 
reading in development economics, political economy, and Latin American studies, as well …",https://api.taylorfrancis.com/content/books/mono/download?identifierName=doi&identifierValue=10.4324/9781315687698&type=googlepdf,98
"Digital economy as a new paradigm of development: challenges, opportunities and prospects",TN Savina,2018,"Objectives The purpose of the study is to evaluate the advantages and identify the problems 
of development of the digital economy in Russia. Methods Methodologically, the research is …",https://www.fin-izdat.com/journal/fc/detail.php?ID=72556,91
[BOOK][B] Public policy in an AI economy,A Goolsbee,2018,"This conference has brought together a mix of technology and economics scholars to think 
broadly about the role of artificial intelligence (AI) in the economy, and this short chapter will …",https://www.degruyter.com/document/doi/10.7208/9780226613475-013/pdf?licenseType=restricted,77
[PDF][PDF] Toward a sustainable wellbeing economy,"R Costanza, E Caniglia, L Fioramonti",2018,"Our current economic systems have become addicted to “growth at all costs”, as measured 
by Gross Domestic Product (GDP) 1. They assume that GDP growth is synonymous with …",https://www.researchgate.net/profile/Paul-Sutton/publication/324648188_Toward_a_Sustainable_Wellbeing_Economy/links/5cacb5e1458515cd2b0be322/Toward-a-Sustainable-Wellbeing-Economy.pdf,67
Economy of Mana: Where to next?,"KM Dell, NA Staniland, A Nicholson",2018,"… economy, we argue there is yet to be an articulate visioning of Māori economic futures built 
upon an economy … definition and operating principles for an economy of mana, and propose …",https://papers.ssrn.com/sol3/papers.cfm?abstract_id=3988653,62
[PDF][PDF] Bio-economy contribution to circular economy,"S Corrado, S Sala",2018,"… economy principles to bio-economy could represent a valuable contribution to bio-economy … 
The present paper investigates the contribution of bio-economy to circular economy. It …",https://library.oapen.org/bitstream/handle/20.500.12657/23005/1/1007156.pdf#page=57,60
"Let's be real: The informal sector and the gig economy are the future, and the present, of work in Africa","A Ng'weno, D Porteous",2018,"[The authors argue that] it's time we recognized the truth about the future of work in Africa: it 
isn't in the growth of full-time formal sector jobs. The future of work will be people working …",https://www.voced.edu.au/content/ngv:83351,49
Government regulation of the economy: why it is effective,"OV Mamai, AA Penkin, IS Kurmaeva",2018,"… a model for optimal functioning of the economy, based on the … support branches of the 
national economy. It incorporates an … Our model for optimal functioning of the economy is based …",https://elibrary.ru/item.asp?id=35474435,47
Optimizing regulation for an optimizing economy,C Coglianese,2018,"… are transforming major sectors in the economy by customizing goods and services as well 
as … the optimizing economy create new challenges for government oversight of the economy. …",https://heinonline.org/hol-cgi-bin/get_pdf.cgi?handle=hein.journals/penjuaf4&section=5,41
How the economy affects health,AB Frakt,2018,"… experience mortality effects during a robust economy generally differ from those who enjoy 
financial gain. Think of it this way: my gains from a strong economy may be good for me and …",https://jamanetwork.com/journals/jama/article-abstract/2676095,34
The economy at war,M Haig,1914,"… , open economy … economy in 1914 was quite unlike other early twentieth-century 
industrialised nations. The nation had then, and still has in the early 1990s, a small, open economy …",https://www.taylorfrancis.com/chapters/edit/10.4324/9781003114994-4/economy-war-marnie-haig-muir,35
